{
    "creator": "WPGoogleMapsPro",
    "version": "8.1.20",
    "json_version": "1.01",
    "maps": [
        {
            "id": "2",
            "map_title": "Glitter Blocks Map",
            "map_width": "100",
            "map_height": "600",
            "map_start_lat": "39.95179494976289",
            "map_start_lng": "-75.16359469544908",
            "map_start_location": "",
            "map_start_zoom": "13",
            "default_marker": "",
            "type": "1",
            "alignment": "0",
            "directions_enabled": "0",
            "styling_enabled": "0",
            "styling_json": "",
            "active": "0",
            "kml": "",
            "bicycle": "0",
            "traffic": "0",
            "dbox": "1",
            "dbox_width": "100",
            "listmarkers": "0",
            "listmarkers_advanced": "0",
            "filterbycat": "0",
            "ugm_enabled": "0",
            "ugm_category_enabled": "0",
            "fusion": "",
            "map_width_type": "%",
            "map_height_type": "px",
            "mass_marker_support": "0",
            "ugm_access": "0",
            "order_markers_by": "1",
            "order_markers_choice": "1",
            "show_user_location": "0",
            "default_to": "",
            "other_settings": "a:95:{s:8:\"map_type\";i:1;s:15:\"sl_stroke_color\";s:7:\"#ff0000\";s:13:\"sl_fill_color\";s:7:\"#ff0000\";s:17:\"sl_stroke_opacity\";s:1:\"1\";s:15:\"sl_fill_opacity\";s:3:\"0.5\";s:15:\"transport_layer\";b:0;s:6:\"action\";s:15:\"wpgmza_save_map\";s:11:\"redirect_to\";s:24:\"\/wp-admin\/admin-post.php\";s:6:\"map_id\";s:1:\"2\";s:12:\"http_referer\";s:73:\"\/wp-admin\/admin.php?page=wp-google-maps-menu&amp;action=edit&amp;map_id=2\";s:9:\"wpgmza_id\";s:1:\"2\";s:21:\"wpgmza_start_location\";s:36:\"39.95179494976289,-75.16359469544908\";s:17:\"wpgmza_start_zoom\";s:2:\"13\";s:17:\"wpgmza_theme_data\";s:0:\"\";s:22:\"wpgmza_dbox_width_type\";s:1:\"%\";s:12:\"default_from\";s:0:\"\";s:20:\"directions_behaviour\";s:7:\"default\";s:27:\"force_google_directions_app\";b:0;s:28:\"directions_route_origin_icon\";s:0:\"\";s:24:\"directions_origin_retina\";b:0;s:33:\"directions_route_destination_icon\";s:0:\"\";s:29:\"directions_destination_retina\";b:0;s:29:\"directions_route_stroke_color\";s:7:\"#4f8df5\";s:30:\"directions_route_stroke_weight\";s:1:\"4\";s:31:\"directions_route_stroke_opacity\";s:3:\"0.8\";s:30:\"directions_fit_bounds_to_route\";b:0;s:21:\"store_locator_enabled\";b:0;s:25:\"store_locator_search_area\";s:6:\"radial\";s:33:\"wpgmza_store_locator_radius_style\";s:6:\"legacy\";s:35:\"wpgmza_store_locator_default_radius\";s:2:\"10\";s:32:\"store_locator_auto_area_max_zoom\";s:0:\"\";s:29:\"wpgmza_store_locator_restrict\";s:0:\"\";s:22:\"store_locator_distance\";b:0;s:29:\"wpgmza_store_locator_position\";b:0;s:27:\"store_locator_show_distance\";b:0;s:22:\"store_locator_category\";b:0;s:39:\"wpgmza_store_locator_use_their_location\";b:0;s:27:\"wpgmza_store_locator_bounce\";b:0;s:24:\"upload_default_sl_marker\";s:0:\"\";s:31:\"upload_default_sl_marker_retina\";b:0;s:19:\"wpgmza_sl_animation\";s:1:\"0\";s:39:\"wpgmza_store_locator_hide_before_search\";b:0;s:26:\"store_locator_query_string\";s:0:\"\";s:29:\"store_locator_default_address\";s:0:\"\";s:25:\"store_locator_name_search\";b:0;s:25:\"store_locator_name_string\";s:0:\"\";s:31:\"store_locator_not_found_message\";s:0:\"\";s:6:\"retina\";b:0;s:16:\"wpgmza_map_align\";s:1:\"1\";s:24:\"upload_default_ul_marker\";s:0:\"\";s:31:\"upload_default_ul_marker_retina\";b:0;s:40:\"jump_to_nearest_marker_on_initialization\";b:0;s:35:\"automatically_pan_to_users_location\";b:0;s:34:\"override_users_location_zoom_level\";b:0;s:35:\"override_users_location_zoom_levels\";s:0:\"\";s:27:\"show_distance_from_location\";b:0;s:12:\"map_max_zoom\";s:2:\"21\";s:12:\"map_min_zoom\";s:1:\"0\";s:15:\"click_open_link\";b:0;s:26:\"fit_maps_bounds_to_markers\";b:0;s:42:\"fit_maps_bounds_to_markers_after_filtering\";b:0;s:22:\"hide_point_of_interest\";b:0;s:27:\"wpgmza_zoom_on_marker_click\";b:0;s:34:\"wpgmza_zoom_on_marker_click_slider\";s:0:\"\";s:29:\"close_infowindow_on_map_click\";b:0;s:23:\"disable_lightbox_images\";b:0;s:24:\"use_Raw_Jpeg_Coordinates\";b:0;s:14:\"polygon_labels\";b:0;s:28:\"disable_polygon_info_windows\";b:0;s:41:\"enable_advanced_custom_fields_integration\";b:0;s:38:\"enable_toolset_woocommerce_integration\";b:0;s:33:\"only_load_markers_within_viewport\";b:0;s:16:\"iw_primary_color\";s:7:\"#000000\";s:15:\"iw_accent_color\";s:7:\"#000000\";s:13:\"iw_text_color\";s:7:\"#000000\";s:21:\"wpgmza_listmarkers_by\";s:1:\"0\";s:30:\"wpgmza_marker_listing_position\";b:0;s:18:\"wpgmza_push_in_map\";b:0;s:28:\"wpgmza_push_in_map_placement\";s:1:\"1\";s:24:\"wpgmza_push_in_map_width\";s:0:\"\";s:25:\"wpgmza_push_in_map_height\";s:0:\"\";s:37:\"zoom_level_on_marker_listing_override\";b:0;s:34:\"zoom_level_on_marker_listing_click\";s:0:\"\";s:27:\"datatable_no_result_message\";s:0:\"\";s:26:\"remove_search_box_datables\";b:0;s:26:\"dataTable_pagination_style\";s:7:\"default\";s:23:\"datatable_search_string\";s:0:\"\";s:22:\"datatable_result_start\";s:0:\"\";s:19:\"datatable_result_of\";s:0:\"\";s:19:\"datatable_result_to\";s:0:\"\";s:22:\"datatable_result_total\";s:0:\"\";s:21:\"datatable_result_show\";s:0:\"\";s:24:\"datatable_result_entries\";s:0:\"\";s:14:\"wpgmza_savemap\";s:11:\"Save Map \u00bb\";s:19:\"shortcodeAttributes\";a:1:{s:2:\"id\";s:1:\"2\";}}"
        },
        {
            "id": "4",
            "map_title": "Glitter Map take 2",
            "map_width": "100",
            "map_height": "600",
            "map_start_lat": "39.99794262037967",
            "map_start_lng": "-75.0040482223804",
            "map_start_location": "",
            "map_start_zoom": "8",
            "default_marker": "",
            "type": "1",
            "alignment": "0",
            "directions_enabled": "0",
            "styling_enabled": "0",
            "styling_json": "",
            "active": "0",
            "kml": "",
            "bicycle": "0",
            "traffic": "0",
            "dbox": "1",
            "dbox_width": "100",
            "listmarkers": "0",
            "listmarkers_advanced": "0",
            "filterbycat": "0",
            "ugm_enabled": "0",
            "ugm_category_enabled": "0",
            "fusion": "",
            "map_width_type": "%",
            "map_height_type": "px",
            "mass_marker_support": "0",
            "ugm_access": "0",
            "order_markers_by": "1",
            "order_markers_choice": "1",
            "show_user_location": "0",
            "default_to": "",
            "other_settings": "a:95:{s:8:\"map_type\";i:1;s:15:\"sl_stroke_color\";s:7:\"#ff0000\";s:13:\"sl_fill_color\";s:7:\"#ff0000\";s:17:\"sl_stroke_opacity\";s:1:\"1\";s:15:\"sl_fill_opacity\";s:3:\"0.5\";s:15:\"transport_layer\";b:0;s:19:\"shortcodeAttributes\";a:1:{s:2:\"id\";s:1:\"4\";}s:6:\"action\";s:15:\"wpgmza_save_map\";s:11:\"redirect_to\";s:24:\"\/wp-admin\/admin-post.php\";s:6:\"map_id\";s:1:\"4\";s:12:\"http_referer\";s:73:\"\/wp-admin\/admin.php?page=wp-google-maps-menu&amp;action=edit&amp;map_id=4\";s:9:\"wpgmza_id\";s:1:\"4\";s:21:\"wpgmza_start_location\";s:35:\"39.99794262037967,-75.0040482223804\";s:17:\"wpgmza_start_zoom\";s:1:\"8\";s:17:\"wpgmza_theme_data\";s:0:\"\";s:22:\"wpgmza_dbox_width_type\";s:1:\"%\";s:12:\"default_from\";s:0:\"\";s:20:\"directions_behaviour\";s:7:\"default\";s:27:\"force_google_directions_app\";b:0;s:28:\"directions_route_origin_icon\";s:101:\"http:\/\/staging-getglitterapp.kinsta.cloud\/wp-content\/plugins\/wp-google-maps\/images\/spotlight-poi2.png\";s:24:\"directions_origin_retina\";b:0;s:33:\"directions_route_destination_icon\";s:101:\"http:\/\/staging-getglitterapp.kinsta.cloud\/wp-content\/plugins\/wp-google-maps\/images\/spotlight-poi2.png\";s:29:\"directions_destination_retina\";b:0;s:29:\"directions_route_stroke_color\";s:7:\"#4f8df5\";s:30:\"directions_route_stroke_weight\";s:1:\"4\";s:31:\"directions_route_stroke_opacity\";s:3:\"0.8\";s:30:\"directions_fit_bounds_to_route\";b:0;s:21:\"store_locator_enabled\";b:0;s:25:\"store_locator_search_area\";s:6:\"radial\";s:33:\"wpgmza_store_locator_radius_style\";s:6:\"legacy\";s:35:\"wpgmza_store_locator_default_radius\";s:2:\"10\";s:32:\"store_locator_auto_area_max_zoom\";s:0:\"\";s:29:\"wpgmza_store_locator_restrict\";s:0:\"\";s:22:\"store_locator_distance\";b:0;s:29:\"wpgmza_store_locator_position\";b:0;s:27:\"store_locator_show_distance\";b:0;s:22:\"store_locator_category\";b:0;s:39:\"wpgmza_store_locator_use_their_location\";b:0;s:27:\"wpgmza_store_locator_bounce\";b:0;s:24:\"upload_default_sl_marker\";s:0:\"\";s:31:\"upload_default_sl_marker_retina\";b:0;s:19:\"wpgmza_sl_animation\";s:1:\"0\";s:39:\"wpgmza_store_locator_hide_before_search\";b:0;s:26:\"store_locator_query_string\";s:0:\"\";s:29:\"store_locator_default_address\";s:0:\"\";s:25:\"store_locator_name_search\";b:0;s:25:\"store_locator_name_string\";s:0:\"\";s:31:\"store_locator_not_found_message\";s:0:\"\";s:6:\"retina\";b:0;s:16:\"wpgmza_map_align\";s:1:\"1\";s:24:\"upload_default_ul_marker\";s:0:\"\";s:31:\"upload_default_ul_marker_retina\";b:0;s:40:\"jump_to_nearest_marker_on_initialization\";b:0;s:35:\"automatically_pan_to_users_location\";b:0;s:34:\"override_users_location_zoom_level\";b:0;s:35:\"override_users_location_zoom_levels\";s:0:\"\";s:27:\"show_distance_from_location\";b:0;s:12:\"map_max_zoom\";s:2:\"21\";s:12:\"map_min_zoom\";s:1:\"0\";s:15:\"click_open_link\";b:0;s:26:\"fit_maps_bounds_to_markers\";b:0;s:42:\"fit_maps_bounds_to_markers_after_filtering\";b:0;s:22:\"hide_point_of_interest\";b:0;s:27:\"wpgmza_zoom_on_marker_click\";b:0;s:34:\"wpgmza_zoom_on_marker_click_slider\";s:0:\"\";s:29:\"close_infowindow_on_map_click\";b:0;s:23:\"disable_lightbox_images\";b:0;s:24:\"use_Raw_Jpeg_Coordinates\";b:0;s:14:\"polygon_labels\";b:0;s:28:\"disable_polygon_info_windows\";b:0;s:41:\"enable_advanced_custom_fields_integration\";b:0;s:38:\"enable_toolset_woocommerce_integration\";b:0;s:33:\"only_load_markers_within_viewport\";b:0;s:16:\"iw_primary_color\";s:7:\"#000000\";s:15:\"iw_accent_color\";s:7:\"#000000\";s:13:\"iw_text_color\";s:7:\"#000000\";s:21:\"wpgmza_listmarkers_by\";s:1:\"0\";s:30:\"wpgmza_marker_listing_position\";b:0;s:18:\"wpgmza_push_in_map\";b:0;s:28:\"wpgmza_push_in_map_placement\";s:1:\"1\";s:24:\"wpgmza_push_in_map_width\";s:0:\"\";s:25:\"wpgmza_push_in_map_height\";s:0:\"\";s:37:\"zoom_level_on_marker_listing_override\";b:0;s:34:\"zoom_level_on_marker_listing_click\";s:0:\"\";s:27:\"datatable_no_result_message\";s:0:\"\";s:26:\"remove_search_box_datables\";b:0;s:26:\"dataTable_pagination_style\";s:7:\"default\";s:23:\"datatable_search_string\";s:0:\"\";s:22:\"datatable_result_start\";s:0:\"\";s:19:\"datatable_result_of\";s:0:\"\";s:19:\"datatable_result_to\";s:0:\"\";s:22:\"datatable_result_total\";s:0:\"\";s:21:\"datatable_result_show\";s:0:\"\";s:24:\"datatable_result_entries\";s:0:\"\";s:14:\"wpgmza_savemap\";s:11:\"Save Map \u00bb\";}"
        }
    ],
    "categories": [],
    "customfields": [],
    "markers": [
        {
            "id": "3",
            "map_id": "2",
            "address": "39.972285438116764, -75.16638151061555",
            "description": "",
            "pic": "http:\/\/staging-getglitterapp.kinsta.cloud\/wp-content\/uploads\/2022\/01\/SQ_CanMan.png",
            "link": "",
            "icon": "{\"url\":\"\\\/\\\/staging-getglitterapp.kinsta.cloud\\\/wp-content\\\/uploads\\\/2022\\\/04\\\/cleaner_pin_1.png\",\"retina\":false}",
            "lat": "39.972285438116764",
            "lng": "-75.16638151061555",
            "anim": "1",
            "title": "Test 1",
            "infoopen": "0",
            "category": "",
            "approved": "1",
            "retina": "0",
            "type": "0",
            "did": "",
            "sticky": "0",
            "other_data": "a:1:{s:7:\"gallery\";O:20:\"WPGMZA\\MarkerGallery\":1:{s:8:\"\u0000*\u0000items\";a:1:{i:0;O:24:\"WPGMZA\\MarkerGalleryItem\":3:{s:13:\"attachment_id\";s:4:\"1873\";s:3:\"url\";s:82:\"http:\/\/staging-getglitterapp.kinsta.cloud\/wp-content\/uploads\/2022\/01\/SQ_CanMan.png\";s:9:\"thumbnail\";s:107:\"https:\/\/i0.wp.com\/staging-getglitterapp.kinsta.cloud\/wp-content\/uploads\/2022\/01\/SQ_CanMan.png?fit=250%2C250\";}}}}"
        },
        {
            "id": "4",
            "map_id": "2",
            "address": "39.97675811423185, -75.17805448424836",
            "description": "",
            "pic": "",
            "link": "https:\/\/news.bbc.co.uk",
            "icon": "{\"url\":\"\\\/\\\/staging-getglitterapp.kinsta.cloud\\\/wp-content\\\/uploads\\\/2022\\\/04\\\/glitter_pin_1.png\",\"retina\":false}",
            "lat": "39.97675811423185",
            "lng": "-75.17805448424836",
            "anim": "2",
            "title": "Test 2",
            "infoopen": "0",
            "category": "",
            "approved": "1",
            "retina": "0",
            "type": "0",
            "did": "",
            "sticky": "0",
            "other_data": ""
        },
        {
            "id": "5",
            "map_id": "2",
            "address": "39.93978397509468, -75.15762678039094",
            "description": "<p>This is a third test marker<\/p>",
            "pic": "http:\/\/staging-getglitterapp.kinsta.cloud\/wp-content\/uploads\/2022\/01\/penn.png",
            "link": "https:\/\/www.cnn.com",
            "icon": "{\"url\":\"\\\/\\\/staging-getglitterapp.kinsta.cloud\\\/wp-content\\\/uploads\\\/2022\\\/04\\\/cleaner_pin_2.png\",\"retina\":false}",
            "lat": "39.93978397509468",
            "lng": "-75.15762678039094",
            "anim": "0",
            "title": "test 3",
            "infoopen": "0",
            "category": "",
            "approved": "1",
            "retina": "0",
            "type": "0",
            "did": "",
            "sticky": "0",
            "other_data": "a:1:{s:7:\"gallery\";O:20:\"WPGMZA\\MarkerGallery\":1:{s:8:\"\u0000*\u0000items\";a:1:{i:0;O:24:\"WPGMZA\\MarkerGalleryItem\":3:{s:13:\"attachment_id\";s:4:\"1838\";s:3:\"url\";s:77:\"http:\/\/staging-getglitterapp.kinsta.cloud\/wp-content\/uploads\/2022\/01\/penn.png\";s:9:\"thumbnail\";s:102:\"https:\/\/i0.wp.com\/staging-getglitterapp.kinsta.cloud\/wp-content\/uploads\/2022\/01\/penn.png?fit=225%2C225\";}}}}"
        },
        {
            "id": "6",
            "map_id": "2",
            "address": "900 Spring Garden St, Philadelphia, PA 19123",
            "description": "",
            "pic": "",
            "link": "",
            "icon": "",
            "lat": "39.961428",
            "lng": "-75.153093",
            "anim": "0",
            "title": "",
            "infoopen": "0",
            "category": "",
            "approved": "1",
            "retina": "0",
            "type": "0",
            "did": "",
            "sticky": "0",
            "other_data": ""
        },
        {
            "id": "7",
            "map_id": "2",
            "address": "800 Spring Garden St, Philadelphia, PA 19123",
            "description": "",
            "pic": "",
            "link": "",
            "icon": "",
            "lat": "39.961369",
            "lng": "-75.151959",
            "anim": "0",
            "title": "",
            "infoopen": "0",
            "category": "",
            "approved": "1",
            "retina": "0",
            "type": "0",
            "did": "",
            "sticky": "0",
            "other_data": ""
        },
        {
            "id": "8",
            "map_id": "2",
            "address": "710 Spring Garden St, Philadelphia, PA 19123, USA",
            "description": "",
            "pic": "",
            "link": "",
            "icon": "",
            "lat": "39.9606088",
            "lng": "-75.1508198",
            "anim": "0",
            "title": "",
            "infoopen": "0",
            "category": "",
            "approved": "1",
            "retina": "0",
            "type": "0",
            "did": "",
            "sticky": "0",
            "other_data": ""
        },
        {
            "id": "9",
            "map_id": "2",
            "address": "850 N 27th St, Philadelphia, PA 19130, USA",
            "description": "",
            "pic": "",
            "link": "",
            "icon": "",
            "lat": "39.97181638461538",
            "lng": "-75.18105669230769",
            "anim": "0",
            "title": "",
            "infoopen": "0",
            "category": "",
            "approved": "1",
            "retina": "0",
            "type": "0",
            "did": "",
            "sticky": "0",
            "other_data": ""
        },
        {
            "id": "10",
            "map_id": "2",
            "address": "900 N 28th St, Philadelphia, PA 19130, USA",
            "description": "",
            "pic": "",
            "link": "",
            "icon": "",
            "lat": "39.973458",
            "lng": "-75.182155",
            "anim": "0",
            "title": "",
            "infoopen": "0",
            "category": "",
            "approved": "1",
            "retina": "0",
            "type": "0",
            "did": "",
            "sticky": "0",
            "other_data": ""
        },
        {
            "id": "11",
            "map_id": "2",
            "address": "2620 W Girard Ave, Philadelphia PA",
            "description": "",
            "pic": "",
            "link": "",
            "icon": "",
            "lat": "39.9743945",
            "lng": "-75.2018955",
            "anim": "0",
            "title": "",
            "infoopen": "0",
            "category": "",
            "approved": "1",
            "retina": "0",
            "type": "0",
            "did": "",
            "sticky": "0",
            "other_data": ""
        },
        {
            "id": "12",
            "map_id": "2",
            "address": "1400 W Diamond St. Philadelphia, PA 19121 ",
            "description": "",
            "pic": "",
            "link": "",
            "icon": "",
            "lat": "39.984622",
            "lng": "-75.156778",
            "anim": "0",
            "title": "",
            "infoopen": "0",
            "category": "",
            "approved": "1",
            "retina": "0",
            "type": "0",
            "did": "",
            "sticky": "0",
            "other_data": ""
        },
        {
            "id": "13",
            "map_id": "2",
            "address": "1500 W Diamond St. Philadelphia, PA 19121 ",
            "description": "",
            "pic": "",
            "link": "",
            "icon": "",
            "lat": "39.984875",
            "lng": "-75.158423",
            "anim": "0",
            "title": "",
            "infoopen": "0",
            "category": "",
            "approved": "1",
            "retina": "0",
            "type": "0",
            "did": "",
            "sticky": "0",
            "other_data": ""
        },
        {
            "id": "14",
            "map_id": "2",
            "address": "1500 W Diamond St. Philadelphia, PA 19121 ",
            "description": "",
            "pic": "",
            "link": "",
            "icon": "",
            "lat": "39.984875",
            "lng": "-75.158423",
            "anim": "0",
            "title": "",
            "infoopen": "0",
            "category": "",
            "approved": "1",
            "retina": "0",
            "type": "0",
            "did": "",
            "sticky": "0",
            "other_data": ""
        },
        {
            "id": "15",
            "map_id": "2",
            "address": "1700 W Diamond St. Philadelphia, PA 19121 ",
            "description": "",
            "pic": "",
            "link": "",
            "icon": "",
            "lat": "39.985278",
            "lng": "-75.161559",
            "anim": "0",
            "title": "",
            "infoopen": "0",
            "category": "",
            "approved": "1",
            "retina": "0",
            "type": "0",
            "did": "",
            "sticky": "0",
            "other_data": ""
        },
        {
            "id": "16",
            "map_id": "2",
            "address": "900 N Carlisle St. Philadelphia PA ",
            "description": "",
            "pic": "",
            "link": "",
            "icon": "",
            "lat": "39.970454",
            "lng": "-75.160639",
            "anim": "0",
            "title": "",
            "infoopen": "0",
            "category": "",
            "approved": "1",
            "retina": "0",
            "type": "0",
            "did": "",
            "sticky": "0",
            "other_data": ""
        },
        {
            "id": "17",
            "map_id": "2",
            "address": "2229 Hope St Philadelphia, PA 19133",
            "description": "",
            "pic": "",
            "link": "",
            "icon": "",
            "lat": "39.98378585714286",
            "lng": "-75.13285814285715",
            "anim": "0",
            "title": "",
            "infoopen": "0",
            "category": "",
            "approved": "1",
            "retina": "0",
            "type": "0",
            "did": "",
            "sticky": "0",
            "other_data": ""
        },
        {
            "id": "18",
            "map_id": "2",
            "address": "2752 E Venango St Philadelphia, PA 19134",
            "description": "",
            "pic": "",
            "link": "",
            "icon": "",
            "lat": "39.98813661764706",
            "lng": "-75.09249414705882",
            "anim": "0",
            "title": "",
            "infoopen": "0",
            "category": "",
            "approved": "1",
            "retina": "0",
            "type": "0",
            "did": "",
            "sticky": "0",
            "other_data": ""
        },
        {
            "id": "19",
            "map_id": "2",
            "address": "1935 E Dauphin St Philadelphia, PA 19125",
            "description": "",
            "pic": "",
            "link": "",
            "icon": "",
            "lat": "39.984182",
            "lng": "-75.13166271428572",
            "anim": "0",
            "title": "",
            "infoopen": "0",
            "category": "",
            "approved": "1",
            "retina": "0",
            "type": "0",
            "did": "",
            "sticky": "0",
            "other_data": ""
        },
        {
            "id": "20",
            "map_id": "2",
            "address": "1300 N 5th St Philadelphia, PA 19122",
            "description": "",
            "pic": "",
            "link": "",
            "icon": "",
            "lat": "39.971571",
            "lng": "-75.144804",
            "anim": "0",
            "title": "",
            "infoopen": "0",
            "category": "",
            "approved": "1",
            "retina": "0",
            "type": "0",
            "did": "",
            "sticky": "0",
            "other_data": ""
        },
        {
            "id": "21",
            "map_id": "2",
            "address": "1300 N Randolph St Philadelphia, PA 19122",
            "description": "",
            "pic": "",
            "link": "",
            "icon": "",
            "lat": "39.971643",
            "lng": "-75.145683",
            "anim": "0",
            "title": "",
            "infoopen": "0",
            "category": "",
            "approved": "1",
            "retina": "0",
            "type": "0",
            "did": "",
            "sticky": "0",
            "other_data": ""
        },
        {
            "id": "22",
            "map_id": "2",
            "address": "1900 N 6th St Philadelphia, PA 19122",
            "description": "",
            "pic": "",
            "link": "",
            "icon": "",
            "lat": "39.980231",
            "lng": "-75.144811",
            "anim": "0",
            "title": "",
            "infoopen": "0",
            "category": "",
            "approved": "1",
            "retina": "0",
            "type": "0",
            "did": "",
            "sticky": "0",
            "other_data": ""
        },
        {
            "id": "23",
            "map_id": "2",
            "address": "615 Kimball St Philadelphia, PA 19147",
            "description": "",
            "pic": "",
            "link": "",
            "icon": "",
            "lat": "39.936058571428575",
            "lng": "-75.153991",
            "anim": "0",
            "title": "",
            "infoopen": "0",
            "category": "",
            "approved": "1",
            "retina": "0",
            "type": "0",
            "did": "",
            "sticky": "0",
            "other_data": ""
        },
        {
            "id": "24",
            "map_id": "2",
            "address": "600 N 36th St Philadelphia, PA 19104",
            "description": "",
            "pic": "",
            "link": "",
            "icon": "",
            "lat": "39.963844",
            "lng": "-75.194634",
            "anim": "0",
            "title": "",
            "infoopen": "0",
            "category": "",
            "approved": "1",
            "retina": "0",
            "type": "0",
            "did": "",
            "sticky": "0",
            "other_data": ""
        },
        {
            "id": "25",
            "map_id": "2",
            "address": "5510 Larchwood Ave Philadelphia, PA 19143",
            "description": "",
            "pic": "",
            "link": "",
            "icon": "",
            "lat": "39.95270437412215",
            "lng": "-75.23283007082854",
            "anim": "0",
            "title": "",
            "infoopen": "0",
            "category": "",
            "approved": "1",
            "retina": "0",
            "type": "0",
            "did": "",
            "sticky": "0",
            "other_data": ""
        },
        {
            "id": "26",
            "map_id": "2",
            "address": "5400 Pine St Philadelphia, PA 19143",
            "description": "",
            "pic": "",
            "link": "",
            "icon": "",
            "lat": "39.953933",
            "lng": "-75.230174",
            "anim": "0",
            "title": "",
            "infoopen": "0",
            "category": "",
            "approved": "1",
            "retina": "0",
            "type": "0",
            "did": "",
            "sticky": "0",
            "other_data": ""
        },
        {
            "id": "27",
            "map_id": "2",
            "address": "5400 Larchwood Ave Philadelphia, PA 19143",
            "description": "",
            "pic": "",
            "link": "",
            "icon": "",
            "lat": "39.952413",
            "lng": "-75.230498",
            "anim": "0",
            "title": "",
            "infoopen": "0",
            "category": "",
            "approved": "1",
            "retina": "0",
            "type": "0",
            "did": "",
            "sticky": "0",
            "other_data": ""
        },
        {
            "id": "28",
            "map_id": "2",
            "address": "5400 Cedar Ave Philadelphia, PA 19143",
            "description": "",
            "pic": "",
            "link": "",
            "icon": "",
            "lat": "39.95086",
            "lng": "-75.23081",
            "anim": "0",
            "title": "",
            "infoopen": "0",
            "category": "",
            "approved": "1",
            "retina": "0",
            "type": "0",
            "did": "",
            "sticky": "0",
            "other_data": ""
        },
        {
            "id": "29",
            "map_id": "2",
            "address": "520 S 55th St Philadelphia, PA 19143",
            "description": "",
            "pic": "",
            "link": "",
            "icon": "",
            "lat": "39.95252348979592",
            "lng": "-75.2326272244898",
            "anim": "0",
            "title": "",
            "infoopen": "0",
            "category": "",
            "approved": "1",
            "retina": "0",
            "type": "0",
            "did": "",
            "sticky": "0",
            "other_data": ""
        },
        {
            "id": "30",
            "map_id": "2",
            "address": "430 S 55th St Philadelphia, PA 19143",
            "description": "",
            "pic": "",
            "link": "",
            "icon": "",
            "lat": "39.9534235625",
            "lng": "-75.2324361875",
            "anim": "0",
            "title": "",
            "infoopen": "0",
            "category": "",
            "approved": "1",
            "retina": "0",
            "type": "0",
            "did": "",
            "sticky": "0",
            "other_data": ""
        },
        {
            "id": "31",
            "map_id": "2",
            "address": "1602 Bainbridge St Philadelphia, PA 19146",
            "description": "",
            "pic": "",
            "link": "",
            "icon": "",
            "lat": "39.9431195",
            "lng": "-75.16913075",
            "anim": "0",
            "title": "",
            "infoopen": "0",
            "category": "",
            "approved": "1",
            "retina": "0",
            "type": "0",
            "did": "",
            "sticky": "0",
            "other_data": ""
        },
        {
            "id": "32",
            "map_id": "2",
            "address": "1600 W Diamond St Philadelphia, PA 19121",
            "description": "",
            "pic": "",
            "link": "",
            "icon": "",
            "lat": "39.985086",
            "lng": "-75.159986",
            "anim": "0",
            "title": "",
            "infoopen": "0",
            "category": "",
            "approved": "1",
            "retina": "0",
            "type": "0",
            "did": "",
            "sticky": "0",
            "other_data": ""
        },
        {
            "id": "33",
            "map_id": "2",
            "address": "1500 W Diamond St Philadelphia, PA 19121",
            "description": "",
            "pic": "",
            "link": "",
            "icon": "",
            "lat": "39.984875",
            "lng": "-75.158423",
            "anim": "0",
            "title": "",
            "infoopen": "0",
            "category": "",
            "approved": "1",
            "retina": "0",
            "type": "0",
            "did": "",
            "sticky": "0",
            "other_data": ""
        },
        {
            "id": "34",
            "map_id": "2",
            "address": "1400 W Diamond St Philadelphia, PA 19121",
            "description": "",
            "pic": "",
            "link": "",
            "icon": "",
            "lat": "39.984622",
            "lng": "-75.156778",
            "anim": "0",
            "title": "",
            "infoopen": "0",
            "category": "",
            "approved": "1",
            "retina": "0",
            "type": "0",
            "did": "",
            "sticky": "0",
            "other_data": ""
        },
        {
            "id": "35",
            "map_id": "2",
            "address": "1500 S 5th St Philadelphia, PA 19147",
            "description": "",
            "pic": "",
            "link": "",
            "icon": "",
            "lat": "39.929668",
            "lng": "-75.15358",
            "anim": "0",
            "title": "",
            "infoopen": "0",
            "category": "",
            "approved": "1",
            "retina": "0",
            "type": "0",
            "did": "",
            "sticky": "0",
            "other_data": ""
        },
        {
            "id": "36",
            "map_id": "2",
            "address": "1400 S 5th St Philadelphia, PA 19147",
            "description": "",
            "pic": "",
            "link": "",
            "icon": "",
            "lat": "39.930893",
            "lng": "-75.153294",
            "anim": "0",
            "title": "",
            "infoopen": "0",
            "category": "",
            "approved": "1",
            "retina": "0",
            "type": "0",
            "did": "",
            "sticky": "0",
            "other_data": ""
        },
        {
            "id": "37",
            "map_id": "2",
            "address": "1300 N Randolph St Philadelphia, PA 19122",
            "description": "",
            "pic": "",
            "link": "",
            "icon": "",
            "lat": "39.971643",
            "lng": "-75.145683",
            "anim": "0",
            "title": "",
            "infoopen": "0",
            "category": "",
            "approved": "1",
            "retina": "0",
            "type": "0",
            "did": "",
            "sticky": "0",
            "other_data": ""
        },
        {
            "id": "38",
            "map_id": "2",
            "address": "1300 N 5th St Philadelphia, PA 19122",
            "description": "",
            "pic": "",
            "link": "",
            "icon": "",
            "lat": "39.971571",
            "lng": "-75.144804",
            "anim": "0",
            "title": "",
            "infoopen": "0",
            "category": "",
            "approved": "1",
            "retina": "0",
            "type": "0",
            "did": "",
            "sticky": "0",
            "other_data": ""
        },
        {
            "id": "39",
            "map_id": "2",
            "address": "1215 S 11th St Philadelphia, PA 19147",
            "description": "",
            "pic": "",
            "link": "",
            "icon": "",
            "lat": "39.9343128",
            "lng": "-75.1619228",
            "anim": "0",
            "title": "",
            "infoopen": "0",
            "category": "",
            "approved": "1",
            "retina": "0",
            "type": "0",
            "did": "",
            "sticky": "0",
            "other_data": ""
        },
        {
            "id": "40",
            "map_id": "2",
            "address": "1150 S 11th St Philadelphia, PA 19147",
            "description": "",
            "pic": "",
            "link": "",
            "icon": "",
            "lat": "39.935705",
            "lng": "-75.161819125",
            "anim": "0",
            "title": "",
            "infoopen": "0",
            "category": "",
            "approved": "1",
            "retina": "0",
            "type": "0",
            "did": "",
            "sticky": "0",
            "other_data": ""
        },
        {
            "id": "41",
            "map_id": "2",
            "address": "860 N 26th St, Philadelphia, PA 19130, USA",
            "description": "",
            "pic": "",
            "link": "",
            "icon": "",
            "lat": "39.9719807",
            "lng": "-75.1794926",
            "anim": "0",
            "title": "",
            "infoopen": "0",
            "category": "",
            "approved": "1",
            "retina": "0",
            "type": "0",
            "did": "",
            "sticky": "0",
            "other_data": ""
        },
        {
            "id": "42",
            "map_id": "2",
            "address": "1200 Spring Garden St, Philadelphia, PA 19123",
            "description": "",
            "pic": "",
            "link": "",
            "icon": "",
            "lat": "39.961667",
            "lng": "-75.157913",
            "anim": "2",
            "title": "",
            "infoopen": "0",
            "category": "",
            "approved": "1",
            "retina": "0",
            "type": "0",
            "did": "",
            "sticky": "0",
            "other_data": ""
        },
        {
            "id": "43",
            "map_id": "2",
            "address": "1100 Spring Garden St, Philadelphia, PA 19123",
            "description": "",
            "pic": "",
            "link": "",
            "icon": "",
            "lat": "39.961574",
            "lng": "-75.156305",
            "anim": "2",
            "title": "",
            "infoopen": "0",
            "category": "",
            "approved": "1",
            "retina": "0",
            "type": "0",
            "did": "",
            "sticky": "0",
            "other_data": ""
        },
        {
            "id": "44",
            "map_id": "2",
            "address": "1000 Spring Garden St, Philadelphia, PA 19123",
            "description": "",
            "pic": "",
            "link": "",
            "icon": "",
            "lat": "39.961504",
            "lng": "-75.154709",
            "anim": "0",
            "title": "",
            "infoopen": "0",
            "category": "",
            "approved": "1",
            "retina": "0",
            "type": "0",
            "did": "",
            "sticky": "0",
            "other_data": ""
        },
        {
            "id": "135",
            "map_id": "4",
            "address": "Philly 1",
            "description": "Philly",
            "pic": "",
            "link": "",
            "icon": "",
            "lat": "39.96545895",
            "lng": "-75.19",
            "anim": "2",
            "title": "testItem1",
            "infoopen": "0",
            "category": "",
            "approved": "1",
            "retina": "0",
            "type": "0",
            "did": "",
            "sticky": "0",
            "other_data": "a:0:{}"
        },
        {
            "id": "136",
            "map_id": "4",
            "address": "Philly 2",
            "description": "Test1",
            "pic": "",
            "link": "https:\/\/frasermarlow.com\/",
            "icon": "",
            "lat": "39.94545895",
            "lng": "-75.17",
            "anim": "2",
            "title": "testItem2",
            "infoopen": "0",
            "category": "",
            "approved": "1",
            "retina": "0",
            "type": "0",
            "did": "",
            "sticky": "0",
            "other_data": "a:0:{}"
        },
        {
            "id": "137",
            "map_id": "4",
            "address": "Philly 3",
            "description": "Test2",
            "pic": "",
            "link": "https:\/\/frasermarlow.com\/",
            "icon": "",
            "lat": "39.92545895",
            "lng": "-75.15",
            "anim": "2",
            "title": "testItem3",
            "infoopen": "0",
            "category": "",
            "approved": "1",
            "retina": "0",
            "type": "0",
            "did": "",
            "sticky": "0",
            "other_data": "a:0:{}"
        },
        {
            "id": "138",
            "map_id": "4",
            "address": "Philly 4",
            "description": "Test3",
            "pic": "",
            "link": "https:\/\/frasermarlow.com\/",
            "icon": "",
            "lat": "39.90545895",
            "lng": "-75.13",
            "anim": "2",
            "title": "testItem4",
            "infoopen": "0",
            "category": "",
            "approved": "1",
            "retina": "0",
            "type": "0",
            "did": "",
            "sticky": "0",
            "other_data": "a:0:{}"
        },
        {
            "id": "139",
            "map_id": "4",
            "address": "Philly 5",
            "description": "Test4",
            "pic": "",
            "link": "https:\/\/frasermarlow.com\/",
            "icon": "",
            "lat": "39.88545895",
            "lng": "-75.11",
            "anim": "2",
            "title": "testItem5",
            "infoopen": "0",
            "category": "",
            "approved": "1",
            "retina": "0",
            "type": "0",
            "did": "",
            "sticky": "0",
            "other_data": "a:0:{}"
        },
        {
            "id": "140",
            "map_id": "4",
            "address": "Philly 6",
            "description": "Test5",
            "pic": "",
            "link": "https:\/\/frasermarlow.com\/",
            "icon": "",
            "lat": "39.86545895",
            "lng": "-75.09",
            "anim": "2",
            "title": "testItem6",
            "infoopen": "0",
            "category": "",
            "approved": "1",
            "retina": "0",
            "type": "0",
            "did": "",
            "sticky": "0",
            "other_data": "a:0:{}"
        },
        {
            "id": "141",
            "map_id": "4",
            "address": "Philly 7",
            "description": "Test6",
            "pic": "",
            "link": "https:\/\/frasermarlow.com\/",
            "icon": "",
            "lat": "39.84545895",
            "lng": "-75.07",
            "anim": "2",
            "title": "testItem7",
            "infoopen": "0",
            "category": "",
            "approved": "1",
            "retina": "0",
            "type": "0",
            "did": "",
            "sticky": "0",
            "other_data": "a:0:{}"
        },
        {
            "id": "142",
            "map_id": "4",
            "address": "Philly 8",
            "description": "Test7",
            "pic": "",
            "link": "https:\/\/frasermarlow.com\/",
            "icon": "",
            "lat": "39.82545895",
            "lng": "-75.05",
            "anim": "2",
            "title": "testItem8",
            "infoopen": "0",
            "category": "",
            "approved": "1",
            "retina": "0",
            "type": "0",
            "did": "",
            "sticky": "0",
            "other_data": "a:0:{}"
        },
        {
            "id": "143",
            "map_id": "4",
            "address": "Philly 9",
            "description": "Test8",
            "pic": "",
            "link": "https:\/\/frasermarlow.com\/",
            "icon": "",
            "lat": "39.80545895",
            "lng": "-75.03",
            "anim": "2",
            "title": "testItem9",
            "infoopen": "0",
            "category": "",
            "approved": "1",
            "retina": "0",
            "type": "0",
            "did": "",
            "sticky": "0",
            "other_data": "a:0:{}"
        },
        {
            "id": "144",
            "map_id": "4",
            "address": "Philly 10",
            "description": "Test9",
            "pic": "",
            "link": "https:\/\/frasermarlow.com\/",
            "icon": "",
            "lat": "39.78545895",
            "lng": "-75.01",
            "anim": "2",
            "title": "Art Museum",
            "infoopen": "0",
            "category": "",
            "approved": "1",
            "retina": "0",
            "type": "0",
            "did": "",
            "sticky": "0",
            "other_data": "a:0:{}"
        }
    ],
    "circles": [],
    "polygons": [],
    "polylines": [
        {
            "id": "2",
            "map_id": "2",
            "polydata": "[{\"lat\":\"39.97165787799915\",\"lng\":\"-75.1809790956863\"},{\"lat\":\"39.97280969588638\",\"lng\":\"-75.18074342123326\"}]",
            "linecolor": "#fbff00",
            "linethickness": "12",
            "opacity": "1",
            "polyname": "800 N 27th block from Parish to Poplar"
        },
        {
            "id": "3",
            "map_id": "2",
            "polydata": "[{\"lat\":\"39.961956435929324\",\"lng\":\"-75.15926004060516\"},{\"lat\":\"39.96121970249483\",\"lng\":\"-75.14669501148711\"}]",
            "linecolor": "#ff9500",
            "linethickness": "12",
            "opacity": "1",
            "polyname": "Spring Garden"
        }
    ],
    "rectangles": [],
    "datasets": []
}